hour,LocationID,trip_count
0,1,3
0,3,23
0,4,4094
0,6,8
0,7,1087
0,8,2
0,9,19
0,10,195
0,11,19
0,12,22
0,13,752
0,14,160
0,15,13
0,16,66
0,17,463
0,18,72
0,19,54
0,20,50
0,21,53
0,22,47
0,23,5
0,24,751
0,25,860
0,26,94
0,27,2
0,28,195
0,29,54
0,30,7
0,31,4
0,32,37
0,33,523
0,34,39
0,35,212
0,36,678
0,37,742
0,38,25
0,39,174
0,40,204
0,41,1623
0,42,1178
0,43,1433
0,45,1410
0,46,8
0,47,62
0,48,17027
0,49,346
0,50,3011
0,51,61
0,52,109
0,53,96
0,54,39
0,55,92
0,56,113
0,57,17
0,58,8
0,59,1
0,60,57
0,61,684
0,62,184
0,63,136
0,64,26
0,65,752
0,66,646
0,67,25
0,68,11908
0,69,137
0,70,1632
0,71,125
0,72,128
0,73,24
0,74,1674
0,75,1865
0,76,457
0,77,115
0,78,80
0,79,34245
0,80,1084
0,81,28
0,82,673
0,83,181
0,85,121
0,86,46
0,87,3855
0,88,2134
0,89,265
0,90,10095
0,91,112
0,92,404
0,93,146
0,94,41
0,95,808
0,96,20
0,97,879
0,98,47
0,100,5969
0,101,126
0,102,74
0,106,234
0,107,11625
0,108,29
0,109,1
0,111,2
0,112,1352
0,113,8511
0,114,22259
0,115,1
0,116,807
0,117,29
0,118,3
0,119,66
0,120,8
0,121,82
0,122,37
0,123,66
0,124,118
0,125,2966
0,126,82
0,127,146
0,128,10
0,129,806
0,130,1527
0,131,75
0,132,22870
0,133,51
0,134,246
0,135,52
0,136,56
0,137,5714
0,138,12076
0,139,38
0,140,2676
0,141,5180
0,142,7759
0,143,1695
0,144,9917
0,145,1076
0,146,428
0,147,46
0,148,18536
0,149,33
0,150,77
0,151,1231
0,152,483
0,153,21
0,154,11
0,155,78
0,156,4
0,157,155
0,158,10695
0,159,166
0,160,100
0,161,9352
0,162,5835
0,163,7428
0,164,11700
0,165,67
0,166,1738
0,167,61
0,168,471
0,169,106
0,170,8307
0,171,63
0,172,2
0,173,124
0,174,54
0,175,33
0,177,258
0,178,19
0,179,274
0,180,144
0,181,953
0,182,48
0,183,19
0,184,3
0,185,34
0,186,12478
0,188,305
0,189,283
0,190,39
0,191,89
0,192,43
0,193,134
0,194,10
0,195,101
0,196,126
0,197,387
0,198,252
0,199,2
0,200,22
0,201,19
0,202,29
0,203,65
0,204,1
0,205,83
0,206,1
0,207,7
0,208,55
0,209,1732
0,210,146
0,211,6627
0,212,63
0,213,74
0,214,3
0,215,166
0,216,454
0,217,100
0,218,89
0,219,178
0,220,67
0,221,4
0,222,40
0,223,430
0,224,858
0,225,379
0,226,813
0,227,51
0,228,228
0,229,4647
0,230,14567
0,231,7790
0,232,1788
0,233,2419
0,234,14498
0,235,77
0,236,2845
0,237,6976
0,238,2632
0,239,5582
0,240,15
0,241,63
0,242,135
0,243,354
0,244,821
0,245,1
0,246,5274
0,247,287
0,248,44
0,249,27790
0,250,66
0,251,1
0,252,40
0,253,8
0,254,73
0,255,3003
0,256,1496
0,257,53
0,258,167
0,259,33
0,260,452
0,261,1328
0,262,1036
0,263,5677
0,264,728
0,265,330
1,1,1
1,3,15
1,4,4701
1,6,2
1,7,688
1,8,4
1,9,16
1,10,92
1,11,16
1,12,14
1,13,279
1,14,90
1,15,11
1,16,53
1,17,253
1,18,45
1,19,35
1,20,27
1,21,52
1,22,45
1,23,1
1,24,424
1,25,596
1,26,47
1,28,114
1,29,24
1,30,5
1,31,4
1,32,21
1,33,206
1,34,42
1,35,102
1,36,968
1,37,720
1,38,15
1,39,107
1,40,90
1,41,757
1,42,626
1,43,533
1,45,964
1,46,7
1,47,31
1,48,11109
1,49,181
1,50,1706
1,51,39
1,52,42
1,53,39
1,54,14
1,55,59
1,56,60
1,57,9
1,58,5
1,60,30
1,61,353
1,62,72
1,63,95
1,64,28
1,65,323
1,66,307
1,67,29
1,68,7033
1,69,103
1,70,499
1,71,61
1,72,65
1,73,16
1,74,853
1,75,942
1,76,261
1,77,49
1,78,42
1,79,31056
1,80,1152
1,81,17
1,82,462
1,83,173
1,85,40
1,86,29
1,87,2117
1,88,1409
1,89,129
1,90,7158
1,91,72
1,92,192
1,93,94
1,94,29
1,95,467
1,96,5
1,97,369
1,98,27
1,100,3509
1,101,53
1,102,38
1,106,118
1,107,7775
1,108,28
1,111,1
1,112,1056
1,113,6210
1,114,19732
1,116,414
1,117,16
1,118,1
1,119,49
1,120,5
1,121,67
1,122,17
1,123,37
1,124,51
1,125,2407
1,126,53
1,127,104
1,128,4
1,129,621
1,130,1023
1,131,46
1,132,10903
1,133,39
1,134,127
1,135,34
1,136,28
1,137,3248
1,138,3062
1,139,25
1,140,1284
1,141,2970
1,142,2437
1,143,657
1,144,9542
1,145,578
1,146,239
1,147,20
1,148,19214
1,149,28
1,150,41
1,151,507
1,152,234
1,153,11
1,154,7
1,155,29
1,157,241
1,158,9734
1,159,88
1,160,53
1,161,3421
1,162,2825
1,163,3318
1,164,7273
1,165,29
1,166,726
1,167,50
1,168,248
1,169,73
1,170,4277
1,171,40
1,172,7
1,173,82
1,174,36
1,175,8
1,177,119
1,178,14
1,179,179
1,180,135
1,181,444
1,182,35
1,183,13
1,184,1
1,185,17
1,186,5986
1,187,1
1,188,151
1,189,162
1,190,20
1,191,76
1,192,20
1,193,61
1,194,9
1,195,45
1,196,40
1,197,229
1,198,207
1,200,11
1,201,18
1,202,26
1,203,26
1,205,58
1,206,1
1,207,1
1,208,48
1,209,1132
1,210,61
1,211,5548
1,212,40
1,213,39
1,214,2
1,215,94
1,216,372
1,217,54
1,218,38
1,219,90
1,220,33
1,221,4
1,222,19
1,223,220
1,224,650
1,225,197
1,226,445
1,227,37
1,228,140
1,229,2605
1,230,6698
1,231,5168
1,232,1356
1,233,1222
1,234,8312
1,235,56
1,236,1197
1,237,3091
1,238,1209
1,239,2559
1,240,11
1,241,34
1,242,42
1,243,207
1,244,338
1,245,2
1,246,4802
1,247,122
1,248,34
1,249,23212
1,250,53
1,251,1
1,252,19
1,253,2
1,254,36
1,255,2846
1,256,1348
1,257,26
1,258,99
1,259,35
1,260,361
1,261,665
1,262,507
1,263,3355
1,264,482
1,265,254
2,1,7
2,3,11
2,4,3782
2,6,2
2,7,566
2,8,3
2,9,4
2,10,65
2,11,11
2,12,4
2,13,126
2,14,80
2,15,4
2,16,31
2,17,142
2,18,32
2,19,14
2,20,21
2,21,28
2,22,29
2,23,3
2,24,212
2,25,482
2,26,33
2,28,64
2,29,10
2,31,4
2,32,10
2,33,155
2,34,112
2,35,63
2,36,1018
2,37,824
2,38,8
2,39,74
2,40,43
2,41,419
2,42,371
2,43,186
2,45,557
2,46,3
2,47,31
2,48,7484
2,49,106
2,50,1020
2,51,22
2,52,20
2,53,27
2,54,12
2,55,23
2,56,38
2,57,5
2,58,4
2,60,25
2,61,244
2,62,59
2,63,59
2,64,7
2,65,145
2,66,146
2,67,8
2,68,5429
2,69,48
2,70,233
2,71,43
2,72,49
2,73,15
2,74,334
2,75,548
2,76,181
2,77,37
2,78,30
2,79,21709
2,80,1425
2,81,15
2,82,377
2,83,121
2,85,36
2,86,21
2,87,1072
2,88,618
2,89,81
2,90,4724
2,91,56
2,92,142
2,93,32
2,94,15
2,95,235
2,96,3
2,97,188
2,98,17
2,100,1998
2,101,25
2,102,25
2,106,77
2,107,4538
2,108,18
2,112,882
2,113,4461
2,114,13578
2,116,229
2,117,12
2,118,6
2,119,38
2,120,1
2,121,31
2,122,19
2,123,21
2,124,24
2,125,1681
2,126,41
2,127,79
2,128,2
2,129,570
2,130,523
2,131,26
2,132,4302
2,133,32
2,134,40
2,135,48
2,136,18
2,137,1977
2,138,1042
2,139,24
2,140,744
2,141,1865
2,142,910
2,143,291
2,144,8273
2,145,402
2,146,163
2,147,20
2,148,16408
2,149,12
2,150,10
2,151,280
2,152,107
2,153,4
2,154,4
2,155,22
2,157,461
2,158,6903
2,159,53
2,160,43
2,161,1389
2,162,1350
2,163,1693
2,164,4191
2,165,20
2,166,434
2,167,26
2,168,142
2,169,56
2,170,2194
2,171,18
2,173,71
2,174,20
2,175,7
2,176,1
2,177,67
2,178,3
2,179,112
2,180,73
2,181,184
2,182,21
2,183,10
2,184,1
2,185,13
2,186,3555
2,188,93
2,189,58
2,190,5
2,191,49
2,192,10
2,193,48
2,194,2
2,195,20
2,196,34
2,197,194
2,198,262
2,200,8
2,201,9
2,202,15
2,203,19
2,205,42
2,207,4
2,208,38
2,209,641
2,210,35
2,211,3458
2,212,24
2,213,32
2,214,2
2,215,60
2,216,248
2,217,44
2,218,29
2,219,64
2,220,25
2,222,11
2,223,151
2,224,465
2,225,196
2,226,372
2,227,35
2,228,92
2,229,1567
2,230,3582
2,231,3165
2,232,1020
2,233,750
2,234,4282
2,235,36
2,236,585
2,237,1310
2,238,595
2,239,1048
2,240,4
2,241,19
2,242,33
2,243,171
2,244,202
2,245,1
2,246,4777
2,247,55
2,248,16
2,249,15468
2,250,39
2,252,17
2,253,1
2,254,21
2,255,2256
2,256,1047
2,257,13
2,258,83
2,259,24
2,260,312
2,261,324
2,262,338
2,263,2057
2,264,327
2,265,206
3,1,11
3,3,13
3,4,2009
3,7,652
3,9,8
3,10,83
3,11,4
3,12,8
3,13,83
3,14,105
3,15,2
3,16,11
3,17,123
3,18,39
3,19,23
3,20,11
3,21,34
3,22,16
3,23,1
3,24,173
3,25,413
3,26,17
3,28,76
3,29,7
3,30,1
3,31,3
3,32,7
3,33,56
3,34,232
3,35,94
3,36,928
3,37,976
3,38,16
3,39,92
3,40,24
3,41,291
3,42,344
3,43,131
3,45,314
3,46,5
3,47,20
3,48,5746
3,49,87
3,50,746
3,51,36
3,52,12
3,53,20
3,54,6
3,55,25
3,56,57
3,57,17
3,58,5
3,59,1
3,60,16
3,61,208
3,62,41
3,63,96
3,64,4
3,65,109
3,66,59
3,67,8
3,68,4063
3,69,56
3,70,65
3,71,102
3,72,83
3,73,16
3,74,251
3,75,389
3,76,199
3,77,56
3,78,26
3,79,13762
3,80,1616
3,81,28
3,82,454
3,83,171
3,84,1
3,85,53
3,86,19
3,87,506
3,88,216
3,89,85
3,90,3149
3,91,96
3,92,120
3,93,20
3,94,15
3,95,189
3,96,3
3,97,116
3,98,13
3,99,1
3,100,1486
3,101,19
3,102,38
3,106,54
3,107,2777
3,108,7
3,109,1
3,112,751
3,113,2712
3,114,7195
3,115,2
3,116,179
3,117,39
3,119,34
3,120,5
3,121,40
3,122,21
3,123,16
3,124,15
3,125,1336
3,126,33
3,127,109
3,128,1
3,129,833
3,130,404
3,131,43
3,132,2614
3,133,52
3,134,63
3,135,40
3,136,35
3,137,1438
3,138,234
3,139,13
3,140,612
3,141,1421
3,142,594
3,143,310
3,144,5871
3,145,426
3,146,194
3,147,31
3,148,11498
3,149,10
3,150,7
3,151,260
3,152,80
3,153,4
3,154,2
3,155,17
3,157,782
3,158,3626
3,159,52
3,160,44
3,161,1016
3,162,963
3,163,1089
3,164,2864
3,165,11
3,166,259
3,167,52
3,168,173
3,169,46
3,170,1372
3,171,20
3,172,3
3,173,72
3,174,30
3,175,16
3,177,74
3,178,5
3,179,94
3,180,59
3,181,144
3,182,27
3,183,5
3,184,2
3,185,19
3,186,1991
3,188,89
3,189,55
3,190,11
3,191,43
3,192,9
3,193,50
3,194,1
3,195,20
3,196,43
3,197,260
3,198,332
3,200,10
3,201,10
3,202,14
3,203,20
3,205,77
3,207,1
3,208,33
3,209,351
3,210,29
3,211,1710
3,212,38
3,213,38
3,214,2
3,215,85
3,216,292
3,217,46
3,218,37
3,219,59
3,220,24
3,221,2
3,222,19
3,223,153
3,224,352
3,225,208
3,226,385
3,227,32
3,228,141
3,229,1125
3,230,2783
3,231,2103
3,232,664
3,233,577
3,234,2295
3,235,44
3,236,326
3,237,792
3,238,424
3,239,568
3,240,4
3,241,22
3,242,18
3,243,113
3,244,145
3,245,2
3,246,5128
3,247,57
3,248,24
3,249,9438
3,250,37
3,252,8
3,253,2
3,254,23
3,255,1750
3,256,1033
3,257,20
3,258,88
3,259,24
3,260,394
3,261,234
3,262,250
3,263,1320
3,264,187
3,265,211
4,1,26
4,2,1
4,3,48
4,4,874
4,5,1
4,6,3
4,7,942
4,9,5
4,10,113
4,11,5
4,12,1
4,13,206
4,14,150
4,15,3
4,16,25
4,17,274
4,18,103
4,19,13
4,20,27
4,21,33
4,22,38
4,23,8
4,24,217
4,25,322
4,26,28
4,28,108
4,29,10
4,31,3
4,32,27
4,33,55
4,34,262
4,35,149
4,36,860
4,37,817
4,38,38
4,39,163
4,40,28
4,41,553
4,42,544
4,43,209
4,45,211
4,46,2
4,47,61
4,48,5043
4,49,157
4,50,905
4,51,109
4,52,10
4,53,29
4,54,15
4,55,60
4,56,109
4,57,5
4,58,17
4,59,2
4,60,48
4,61,409
4,62,141
4,63,122
4,64,11
4,65,122
4,66,74
4,67,21
4,68,2903
4,69,86
4,70,104
4,71,214
4,72,256
4,73,14
4,74,632
4,75,703
4,76,372
4,77,141
4,78,69
4,79,6437
4,80,1179
4,81,44
4,82,741
4,83,221
4,85,146
4,86,60
4,87,507
4,88,150
4,89,200
4,90,2254
4,91,123
4,92,187
4,93,39
4,94,42
4,95,208
4,96,6
4,97,169
4,98,24
4,100,1361
4,101,25
4,102,47
4,106,60
4,107,2138
4,108,19
4,109,1
4,112,621
4,113,1282
4,114,2216
4,115,3
4,116,371
4,117,45
4,118,4
4,119,88
4,120,2
4,121,39
4,122,45
4,123,12
4,124,18
4,125,953
4,126,76
4,127,180
4,128,1
4,129,1088
4,130,322
4,131,84
4,132,2856
4,133,51
4,134,81
4,135,36
4,136,55
4,137,1454
4,138,252
4,139,28
4,140,833
4,141,1562
4,142,869
4,143,391
4,144,3256
4,145,686
4,146,277
4,147,36
4,148,5249
4,149,16
4,150,7
4,151,396
4,152,149
4,153,10
4,155,25
4,156,2
4,157,1059
4,158,985
4,159,102
4,160,72
4,161,1114
4,162,931
4,163,1199
4,164,2475
4,165,18
4,166,373
4,167,92
4,168,364
4,169,76
4,170,1405
4,171,28
4,172,1
4,173,150
4,174,45
4,175,12
4,177,144
4,178,13
4,179,137
4,180,55
4,181,132
4,182,69
4,183,20
4,184,1
4,185,25
4,186,1848
4,188,275
4,189,62
4,190,6
4,191,91
4,192,31
4,193,108
4,194,5
4,195,34
4,196,57
4,197,308
4,198,420
4,200,14
4,201,44
4,202,22
4,203,36
4,205,101
4,206,4
4,207,2
4,208,28
4,209,206
4,210,30
4,211,878
4,212,87
4,213,123
4,214,1
4,215,126
4,216,330
4,217,50
4,218,79
4,219,70
4,220,26
4,221,3
4,222,49
4,223,240
4,224,283
4,225,297
4,226,713
4,227,38
4,228,228
4,229,1025
4,230,2881
4,231,1232
4,232,596
4,233,779
4,234,1638
4,235,79
4,236,661
4,237,805
4,238,819
4,239,780
4,240,8
4,241,25
4,242,41
4,243,138
4,244,280
4,245,1
4,246,2223
4,247,78
4,248,72
4,249,3851
4,250,66
4,251,1
4,252,16
4,253,2
4,254,81
4,255,839
4,256,688
4,257,16
4,258,184
4,259,82
4,260,440
4,261,246
4,262,771
4,263,1532
4,264,150
4,265,154
5,1,38
5,3,79
5,4,466
5,5,1
5,6,19
5,7,557
5,8,2
5,9,13
5,10,203
5,11,79
5,12,3
5,13,293
5,14,147
5,15,5
5,16,25
5,17,283
5,18,59
5,19,64
5,20,95
5,21,39
5,22,33
5,23,1
5,24,516
5,25,171
5,26,33
5,28,141
5,29,18
5,30,4
5,31,4
5,32,58
5,33,101
5,34,198
5,35,466
5,36,423
5,37,592
5,38,90
5,39,438
5,40,50
5,41,909
5,42,742
5,43,362
5,45,101
5,47,137
5,48,5068
5,49,162
5,50,860
5,51,169
5,52,22
5,53,24
5,54,14
5,55,78
5,56,157
5,57,16
5,58,12
5,59,2
5,60,70
5,61,690
5,62,197
5,63,158
5,64,15
5,65,151
5,66,58
5,67,56
5,68,1896
5,69,117
5,70,243
5,71,325
5,72,414
5,73,39
5,74,1790
5,75,1855
5,76,549
5,77,181
5,78,76
5,79,2117
5,80,470
5,81,72
5,82,381
5,83,153
5,85,200
5,86,155
5,87,484
5,88,107
5,89,377
5,90,1529
5,91,216
5,92,158
5,93,90
5,94,75
5,95,218
5,96,3
5,97,190
5,98,41
5,100,4342
5,101,41
5,102,52
5,106,44
5,107,2070
5,108,23
5,109,6
5,112,306
5,113,798
5,114,591
5,115,9
5,116,475
5,117,151
5,118,5
5,119,113
5,120,1
5,121,77
5,122,115
5,123,40
5,124,50
5,125,370
5,126,98
5,127,61
5,128,4
5,129,532
5,130,259
5,131,80
5,132,9653
5,133,61
5,134,58
5,135,114
5,136,43
5,137,1306
5,138,329
5,139,69
5,140,1468
5,141,2021
5,142,1623
5,143,1161
5,144,554
5,145,468
5,146,264
5,147,58
5,148,940
5,149,33
5,150,14
5,151,949
5,152,210
5,153,19
5,154,6
5,155,80
5,156,4
5,157,955
5,158,409
5,159,134
5,160,73
5,161,1428
5,162,2306
5,163,1404
5,164,1561
5,165,30
5,166,598
5,167,173
5,168,358
5,169,109
5,170,1903
5,171,26
5,172,4
5,173,86
5,174,70
5,175,23
5,177,284
5,178,36
5,179,241
5,180,33
5,181,149
5,182,179
5,183,42
5,184,2
5,185,35
5,186,5607
5,188,521
5,189,111
5,190,12
5,191,239
5,192,28
5,193,160
5,194,8
5,195,42
5,196,112
5,197,303
5,198,305
5,200,21
5,201,38
5,202,14
5,203,144
5,205,232
5,206,2
5,207,6
5,208,63
5,209,131
5,210,62
5,211,372
5,212,101
5,213,251
5,214,6
5,215,195
5,216,396
5,217,39
5,218,184
5,219,203
5,220,35
5,221,3
5,222,72
5,223,125
5,224,460
5,225,370
5,226,783
5,227,103
5,228,163
5,229,1336
5,230,2619
5,231,580
5,232,382
5,233,1189
5,234,979
5,235,104
5,236,2099
5,237,1382
5,238,2035
5,239,2199
5,240,10
5,241,45
5,242,91
5,243,149
5,244,360
5,245,1
5,246,383
5,247,132
5,248,91
5,249,1378
5,250,82
5,251,7
5,252,25
5,253,2
5,254,235
5,255,228
5,256,339
5,257,66
5,258,193
5,259,70
5,260,310
5,261,248
5,262,2336
5,263,2906
5,264,207
5,265,108
6,1,51
6,3,114
6,4,864
6,6,10
6,7,839
6,8,5
6,9,24
6,10,384
6,11,46
6,12,7
6,13,996
6,14,214
6,15,15
6,16,38
6,17,401
6,18,216
6,19,94
6,20,61
6,21,56
6,22,125
6,23,3
6,24,799
6,25,345
6,26,77
6,27,1
6,28,239
6,29,72
6,30,3
6,31,19
6,32,121
6,33,362
6,34,70
6,35,482
6,36,292
6,37,546
6,38,151
6,39,803
6,40,279
6,41,1997
6,42,1791
6,43,1276
6,45,224
6,46,1
6,47,161
6,48,8462
6,49,306
6,50,1414
6,51,348
6,52,120
6,53,50
6,54,53
6,55,275
6,56,217
6,57,11
6,58,14
6,59,8
6,60,163
6,61,1005
6,62,296
6,63,276
6,64,27
6,65,326
6,66,227
6,67,59
6,68,3142
6,69,342
6,70,149
6,71,514
6,72,639
6,73,44
6,74,5707
6,75,3163
6,76,996
6,77,271
6,78,169
6,79,3861
6,80,331
6,81,155
6,82,393
6,83,237
6,84,2
6,85,303
6,86,175
6,87,981
6,88,211
6,89,537
6,90,2496
6,91,519
6,92,173
6,93,105
6,94,75
6,95,392
6,96,11
6,97,341
6,98,39
6,100,7769
6,101,49
6,102,139
6,106,67
6,107,4849
6,108,89
6,111,1
6,112,259
6,113,1833
6,114,855
6,115,11
6,116,1062
6,117,201
6,118,4
6,119,216
6,120,9
6,121,197
6,122,187
6,123,59
6,124,108
6,125,623
6,126,103
6,127,91
6,128,8
6,129,603
6,130,452
6,131,222
6,132,17322
6,133,138
6,134,191
6,135,179
6,136,51
6,137,2483
6,138,424
6,139,183
6,140,3930
6,141,5347
6,142,3435
6,143,3018
6,144,433
6,145,591
6,146,540
6,147,98
6,148,933
6,149,122
6,150,27
6,151,2559
6,152,596
6,153,13
6,154,3
6,155,179
6,156,4
6,157,653
6,158,1167
6,159,306
6,160,179
6,161,4186
6,162,6939
6,163,2352
6,164,2149
6,165,117
6,166,1160
6,167,311
6,168,420
6,169,226
6,170,4875
6,171,34
6,172,7
6,173,125
6,174,170
6,175,73
6,176,1
6,177,431
6,178,31
6,179,476
6,180,56
6,181,206
6,182,460
6,183,104
6,184,2
6,185,132
6,186,11899
6,188,894
6,189,145
6,190,39
6,191,399
6,192,47
6,193,322
6,194,18
6,195,216
6,196,210
6,197,430
6,198,346
6,200,49
6,201,24
6,202,67
6,203,151
6,205,400
6,206,6
6,207,4
6,208,115
6,209,228
6,210,143
6,211,411
6,212,279
6,213,398
6,214,7
6,215,468
6,216,506
6,217,55
6,218,267
6,219,193
6,220,66
6,221,12
6,222,166
6,223,191
6,224,1027
6,225,642
6,226,1247
6,227,110
6,228,198
6,229,3051
6,230,3883
6,231,1395
6,232,820
6,233,2694
6,234,2378
6,235,238
6,236,8040
6,237,4658
6,238,5974
6,239,5450
6,240,19
6,241,198
6,242,82
6,243,260
6,244,612
6,245,3
6,246,908
6,247,226
6,248,216
6,249,2774
6,250,191
6,251,7
6,252,33
6,253,3
6,254,342
6,255,141
6,256,301
6,257,68
6,258,323
6,259,235
6,260,511
6,261,390
6,262,7387
6,263,7168
6,264,612
6,265,124
7,1,43
7,2,3
7,3,89
7,4,1533
7,6,35
7,7,1493
7,8,6
7,9,30
7,10,579
7,11,80
7,12,21
7,13,2416
7,14,603
7,15,31
7,16,59
7,17,650
7,18,240
7,19,83
7,20,85
7,21,147
7,22,232
7,23,2
7,24,2096
7,25,493
7,26,198
7,28,363
7,29,106
7,30,1
7,31,15
7,32,149
7,33,910
7,34,25
7,35,826
7,36,312
7,37,695
7,38,114
7,39,1003
7,40,339
7,41,4044
7,42,3289
7,43,4792
7,45,378
7,46,5
7,47,258
7,48,10168
7,49,480
7,50,3012
7,51,306
7,52,504
7,53,82
7,54,125
7,55,339
7,56,313
7,57,12
7,58,18
7,59,2
7,60,172
7,61,1386
7,62,444
7,63,466
7,64,15
7,65,640
7,66,430
7,67,197
7,68,5764
7,69,538
7,70,611
7,71,684
7,72,725
7,73,58
7,74,10071
7,75,7185
7,76,1385
7,77,350
7,78,257
7,79,6613
7,80,384
7,81,169
7,82,521
7,83,284
7,85,415
7,86,196
7,87,1619
7,88,339
7,89,1165
7,90,4631
7,91,807
7,92,207
7,93,122
7,94,136
7,95,923
7,96,15
7,97,555
7,98,54
7,100,7831
7,101,35
7,102,150
7,106,81
7,107,9084
7,108,133
7,109,6
7,111,1
7,112,314
7,113,4265
7,114,1634
7,115,18
7,116,2136
7,117,277
7,118,5
7,119,344
7,120,13
7,121,220
7,122,193
7,123,157
7,124,101
7,125,1839
7,126,188
7,127,213
7,128,11
7,129,984
7,130,914
7,131,271
7,132,19560
7,133,326
7,134,458
7,135,199
7,136,167
7,137,5350
7,138,4987
7,139,143
7,140,11246
7,141,13472
7,142,10949
7,143,8445
7,144,980
7,145,724
7,146,548
7,147,204
7,148,1933
7,149,118
7,150,58
7,151,6030
7,152,1030
7,153,28
7,154,13
7,155,217
7,156,2
7,157,448
7,158,2453
7,159,337
7,160,233
7,161,8859
7,162,12394
7,163,5971
7,164,4424
7,165,248
7,166,3370
7,167,396
7,168,598
7,169,330
7,170,9843
7,171,104
7,172,7
7,173,126
7,174,137
7,175,53
7,176,6
7,177,591
7,178,83
7,179,677
7,180,149
7,181,412
7,182,601
7,183,65
7,184,11
7,185,126
7,186,18866
7,187,2
7,188,857
7,189,244
7,190,36
7,191,336
7,192,49
7,193,442
7,194,18
7,195,837
7,196,274
7,197,1012
7,198,342
7,200,103
7,201,59
7,202,65
7,203,162
7,205,438
7,206,10
7,207,29
7,208,183
7,209,322
7,210,221
7,211,1109
7,212,295
7,213,429
7,214,15
7,215,645
7,216,870
7,217,84
7,218,272
7,219,247
7,220,141
7,221,76
7,222,195
7,223,347
7,224,1757
7,225,803
7,226,1432
7,227,135
7,228,302
7,229,8551
7,230,7155
7,231,4064
7,232,1168
7,233,4605
7,234,5610
7,235,303
7,236,26560
7,237,17670
7,238,12643
7,239,14528
7,240,29
7,241,198
7,242,149
7,243,603
7,244,1792
7,245,2
7,246,2679
7,247,504
7,248,284
7,249,5608
7,250,271
7,251,7
7,252,56
7,253,2
7,254,322
7,255,227
7,256,445
7,257,188
7,258,530
7,259,238
7,260,662
7,261,756
7,262,14728
7,263,12731
7,264,1256
7,265,123
8,1,29
8,2,1
8,3,140
8,4,1828
8,6,35
8,7,1711
8,8,7
8,9,35
8,10,490
8,11,94
8,12,62
8,13,3794
8,14,454
8,15,33
8,16,61
8,17,778
8,18,256
8,19,87
8,20,103
8,21,161
8,22,203
8,23,1
8,24,2915
8,25,710
8,26,242
8,27,4
8,28,263
8,29,95
8,30,6
8,31,17
8,32,134
8,33,1243
8,34,44
8,35,976
8,36,312
8,37,757
8,38,103
8,39,1107
8,40,613
8,41,4941
8,42,3362
8,43,7101
8,45,524
8,46,7
8,47,211
8,48,13149
8,49,750
8,50,5879
8,51,313
8,52,573
8,53,62
8,54,217
8,55,391
8,56,301
8,57,7
8,58,13
8,59,5
8,60,198
8,61,1689
8,62,555
8,63,339
8,64,26
8,65,892
8,66,588
8,67,123
8,68,11419
8,69,493
8,70,1234
8,71,693
8,72,866
8,73,34
8,74,11140
8,75,7869
8,76,1347
8,77,413
8,78,287
8,79,9649
8,80,499
8,81,236
8,82,482
8,83,282
8,84,2
8,85,416
8,86,212
8,87,2716
8,88,653
8,89,1193
8,90,8401
8,91,752
8,92,241
8,93,77
8,94,113
8,95,906
8,96,12
8,97,744
8,98,33
8,100,7599
8,101,47
8,102,191
8,106,161
8,107,12989
8,108,156
8,111,2
8,112,524
8,113,7669
8,114,3081
8,115,20
8,116,2458
8,117,228
8,118,3
8,119,260
8,120,17
8,121,133
8,122,161
8,123,141
8,124,111
8,125,2960
8,126,191
8,127,221
8,128,11
8,129,873
8,130,947
8,131,173
8,132,13885
8,133,400
8,134,344
8,135,160
8,136,170
8,137,6830
8,138,9559
8,139,119
8,140,17810
8,141,17815
8,142,17367
8,143,12794
8,144,2123
8,145,1056
8,146,514
8,147,179
8,148,2858
8,149,134
8,150,55
8,151,7835
8,152,1038
8,153,28
8,154,8
8,155,212
8,156,3
8,157,339
8,158,4349
8,159,317
8,160,227
8,161,14575
8,162,18508
8,163,9845
8,164,8808
8,165,259
8,166,4805
8,167,336
8,168,571
8,169,303
8,170,16204
8,171,146
8,172,14
8,173,123
8,174,134
8,175,48
8,176,2
8,177,767
8,178,103
8,179,656
8,180,110
8,181,667
8,182,462
8,183,65
8,184,4
8,185,135
8,186,24443
8,187,1
8,188,1018
8,189,341
8,190,45
8,191,293
8,192,54
8,193,500
8,194,22
8,195,936
8,196,270
8,197,880
8,198,356
8,200,88
8,201,43
8,202,74
8,203,112
8,205,475
8,206,4
8,207,63
8,208,160
8,209,577
8,210,220
8,211,2128
8,212,346
8,213,433
8,214,15
8,215,505
8,216,884
8,217,114
8,218,264
8,219,202
8,220,124
8,221,24
8,222,326
8,223,370
8,224,1939
8,225,926
8,226,1406
8,227,177
8,228,284
8,229,12615
8,230,12108
8,231,6885
8,232,1600
8,233,7486
8,234,10111
8,235,359
8,236,37786
8,237,26468
8,238,18750
8,239,20640
8,240,33
8,241,276
8,242,142
8,243,731
8,244,1596
8,245,1
8,246,5230
8,247,401
8,248,343
8,249,8944
8,250,246
8,251,2
8,252,77
8,253,7
8,254,399
8,255,355
8,256,508
8,257,195
8,258,417
8,259,276
8,260,616
8,261,1464
8,262,17251
8,263,15830
8,264,1435
8,265,138
9,1,56
9,3,71
9,4,1865
9,6,10
9,7,1201
9,8,4
9,9,30
9,10,312
9,11,77
9,12,73
9,13,3345
9,14,254
9,15,19
9,16,26
9,17,731
9,18,182
9,19,86
9,20,97
9,21,148
9,22,179
9,23,7
9,24,2629
9,25,546
9,26,259
9,27,1
9,28,145
9,29,105
9,30,1
9,31,12
9,32,101
9,33,754
9,34,25
9,35,702
9,36,264
9,37,681
9,38,78
9,39,921
9,40,342
9,41,3582
9,42,2082
9,43,8698
9,44,2
9,45,740
9,46,6
9,47,140
9,48,13491
9,49,589
9,50,5153
9,51,290
9,52,367
9,53,76
9,54,115
9,55,333
9,56,203
9,57,10
9,58,11
9,59,7
9,60,122
9,61,1517
9,62,531
9,63,257
9,64,26
9,65,847
9,66,319
9,67,80
9,68,14158
9,69,343
9,70,2161
9,71,591
9,72,740
9,73,20
9,74,9501
9,75,7948
9,76,1062
9,77,347
9,78,214
9,79,10288
9,80,394
9,81,181
9,82,444
9,83,212
9,85,300
9,86,148
9,87,2764
9,88,756
9,89,875
9,90,9101
9,91,608
9,92,210
9,93,68
9,94,87
9,95,907
9,96,7
9,97,677
9,98,40
9,100,8383
9,101,24
9,102,107
9,106,152
9,107,13677
9,108,114
9,109,1
9,111,1
9,112,391
9,113,7807
9,114,2992
9,115,2
9,116,1375
9,117,172
9,118,1
9,119,227
9,120,6
9,121,86
9,122,61
9,123,153
9,124,95
9,125,2753
9,126,126
9,127,148
9,128,9
9,129,762
9,130,745
9,131,127
9,132,13796
9,133,222
9,134,222
9,135,104
9,136,124
9,137,6499
9,138,16015
9,139,90
9,140,17338
9,141,17654
9,142,17914
9,143,12429
9,144,2020
9,145,1088
9,146,530
9,147,90
9,148,2947
9,149,83
9,150,42
9,151,7627
9,152,749
9,153,34
9,154,6
9,155,240
9,156,1
9,157,194
9,158,3326
9,159,233
9,160,128
9,161,20271
9,162,21278
9,163,12926
9,164,10353
9,165,234
9,166,4646
9,167,219
9,168,395
9,169,200
9,170,18632
9,171,48
9,172,3
9,173,70
9,174,102
9,175,27
9,176,1
9,177,559
9,178,103
9,179,534
9,180,82
9,181,460
9,182,256
9,183,36
9,184,5
9,185,78
9,186,26762
9,187,1
9,188,939
9,189,230
9,190,50
9,191,184
9,192,36
9,193,646
9,194,19
9,195,1023
9,196,203
9,197,458
9,198,282
9,199,1
9,200,58
9,201,43
9,202,76
9,203,71
9,205,277
9,207,84
9,208,121
9,209,611
9,210,218
9,211,2106
9,212,277
9,213,387
9,214,4
9,215,299
9,216,637
9,217,135
9,218,228
9,219,127
9,220,109
9,221,5
9,222,288
9,223,368
9,224,2132
9,225,830
9,226,1014
9,227,98
9,228,204
9,229,12896
9,230,16163
9,231,6322
9,232,1514
9,233,7940
9,234,11458
9,235,261
9,236,38430
9,237,31439
9,238,19063
9,239,21299
9,240,21
9,241,163
9,242,103
9,243,455
9,244,1318
9,246,5906
9,247,311
9,248,222
9,249,8629
9,250,141
9,251,2
9,252,44
9,253,7
9,254,299
9,255,252
9,256,454
9,257,102
9,258,229
9,259,173
9,260,431
9,261,1857
9,262,17584
9,263,15694
9,264,1438
9,265,182
10,1,41
10,2,3
10,3,54
10,4,1179
10,6,11
10,7,999
10,8,6
10,9,25
10,10,237
10,11,54
10,12,121
10,13,3439
10,14,223
10,15,30
10,16,21
10,17,545
10,18,130
10,19,46
10,20,73
10,21,124
10,22,168
10,23,6
10,24,2511
10,25,458
10,26,257
10,27,4
10,28,146
10,29,109
10,30,1
10,31,16
10,32,88
10,33,606
10,34,25
10,35,534
10,36,194
10,37,519
10,38,53
10,39,757
10,40,159
10,41,3223
10,42,1768
10,43,11192
10,45,897
10,46,9
10,47,99
10,48,13254
10,49,430
10,50,4373
10,51,206
10,52,240
10,53,50
10,54,44
10,55,311
10,56,140
10,57,9
10,58,8
10,59,12
10,60,88
10,61,1136
10,62,389
10,63,219
10,64,29
10,65,905
10,66,284
10,67,72
10,68,15000
10,69,285
10,70,2347
10,71,441
10,72,621
10,73,19
10,74,7975
10,75,8134
10,76,898
10,77,265
10,78,150
10,79,8287
10,80,237
10,81,112
10,82,491
10,83,235
10,85,266
10,86,109
10,87,2591
10,88,1085
10,89,679
10,90,8991
10,91,434
10,92,208
10,93,71
10,94,46
10,95,882
10,96,5
10,97,827
10,98,50
10,100,8826
10,101,34
10,102,70
10,106,97
10,107,12173
10,108,117
10,109,1
10,111,1
10,112,266
10,113,7814
10,114,3273
10,115,1
10,116,937
10,117,135
10,118,5
10,119,145
10,120,11
10,121,89
10,122,52
10,123,111
10,124,90
10,125,2743
10,126,104
10,127,136
10,128,10
10,129,640
10,130,633
10,131,96
10,132,16361
10,133,147
10,134,278
10,135,76
10,136,91
10,137,6921
10,138,22801
10,139,55
10,140,17842
10,141,18520
10,142,19597
10,143,10471
10,144,2551
10,145,1125
10,146,672
10,147,94
10,148,2549
10,149,88
10,150,40
10,151,7448
10,152,620
10,153,22
10,154,10
10,155,174
10,156,5
10,157,135
10,158,3231
10,159,190
10,160,108
10,161,25196
10,162,21863
10,163,16586
10,164,12033
10,165,186
10,166,4522
10,167,183
10,168,371
10,169,165
10,170,20153
10,171,36
10,172,3
10,173,59
10,174,113
10,175,19
10,176,1
10,177,449
10,178,49
10,179,498
10,180,53
10,181,408
10,182,164
10,183,27
10,184,3
10,185,59
10,186,25327
10,188,696
10,189,145
10,190,40
10,191,136
10,192,24
10,193,724
10,194,32
10,195,476
10,196,182
10,197,361
10,198,191
10,200,48
10,201,33
10,202,70
10,203,58
10,205,174
10,206,1
10,207,110
10,208,89
10,209,719
10,210,194
10,211,2668
10,212,165
10,213,207
10,214,2
10,215,257
10,216,485
10,217,102
10,218,160
10,219,115
10,220,89
10,221,6
10,222,274
10,223,365
10,224,1713
10,225,635
10,226,901
10,227,87
10,228,179
10,229,13564
10,230,19558
10,231,7248
10,232,899
10,233,9011
10,234,13467
10,235,222
10,236,38284
10,237,34943
10,238,18360
10,239,21886
10,240,10
10,241,129
10,242,117
10,243,362
10,244,1348
10,245,2
10,246,7184
10,247,218
10,248,96
10,249,7678
10,250,120
10,251,1
10,252,34
10,253,9
10,254,232
10,255,154
10,256,285
10,257,88
10,258,165
10,259,149
10,260,441
10,261,2512
10,262,15085
10,263,14948
10,264,1469
10,265,175
11,1,55
11,3,51
11,4,891
11,5,1
11,6,11
11,7,1062
11,8,6
11,9,36
11,10,225
11,11,54
11,12,277
11,13,4256
11,14,277
11,15,30
11,16,24
11,17,480
11,18,109
11,19,61
11,20,75
11,21,90
11,22,139
11,23,8
11,24,2322
11,25,566
11,26,242
11,27,3
11,28,143
11,29,93
11,30,2
11,31,9
11,32,80
11,33,651
11,34,33
11,35,515
11,36,171
11,37,417
11,38,51
11,39,579
11,40,130
11,41,3189
11,42,1876
11,43,13204
11,44,1
11,45,1121
11,46,8
11,47,113
11,48,12924
11,49,391
11,50,4159
11,51,185
11,52,200
11,53,38
11,54,31
11,55,255
11,56,103
11,57,3
11,58,3
11,59,4
11,60,73
11,61,1081
11,62,259
11,63,187
11,64,15
11,65,1058
11,66,361
11,67,72
11,68,17460
11,69,239
11,70,2317
11,71,390
11,72,465
11,73,15
11,74,6614
11,75,8978
11,76,817
11,77,197
11,78,148
11,79,8344
11,80,219
11,81,76
11,82,759
11,83,228
11,85,196
11,86,137
11,87,3081
11,88,1459
11,89,596
11,90,9772
11,91,393
11,92,214
11,93,78
11,94,51
11,95,889
11,96,4
11,97,1039
11,98,45
11,100,9759
11,101,21
11,102,74
11,106,126
11,107,12328
11,108,74
11,111,7
11,112,218
11,113,8619
11,114,3946
11,116,911
11,117,110
11,118,5
11,119,108
11,120,10
11,121,85
11,122,65
11,123,158
11,124,65
11,125,2963
11,126,130
11,127,118
11,128,6
11,129,666
11,130,732
11,131,90
11,132,16230
11,133,136
11,134,270
11,135,95
11,136,109
11,137,7808
11,138,19790
11,139,57
11,140,19221
11,141,18905
11,142,21289
11,143,9892
11,144,3641
11,145,1329
11,146,583
11,147,70
11,148,2885
11,149,98
11,150,31
11,151,7408
11,152,636
11,153,20
11,154,5
11,155,224
11,156,1
11,157,147
11,158,3587
11,159,217
11,160,112
11,161,31627
11,162,24263
11,163,19843
11,164,14222
11,165,223
11,166,4931
11,167,162
11,168,373
11,169,155
11,170,22123
11,171,53
11,172,2
11,173,78
11,174,121
11,175,28
11,177,373
11,178,41
11,179,465
11,180,56
11,181,473
11,182,149
11,183,26
11,184,5
11,185,63
11,186,27199
11,188,596
11,189,171
11,190,46
11,191,101
11,192,38
11,193,693
11,194,20
11,195,139
11,196,223
11,197,391
11,198,174
11,200,57
11,201,29
11,202,69
11,203,44
11,205,151
11,206,3
11,207,124
11,208,50
11,209,928
11,210,205
11,211,3456
11,212,120
11,213,183
11,214,5
11,215,208
11,216,505
11,217,96
11,218,125
11,219,112
11,220,103
11,221,8
11,222,213
11,223,385
11,224,1507
11,225,480
11,226,903
11,227,100
11,228,208
11,229,13737
11,230,21612
11,231,8177
11,232,932
11,233,9309
11,234,16409
11,235,206
11,236,39889
11,237,40200
11,238,17706
11,239,22832
11,240,6
11,241,95
11,242,149
11,243,343
11,244,1622
11,246,9739
11,247,216
11,248,90
11,249,7944
11,250,82
11,252,31
11,253,6
11,254,171
11,255,165
11,256,275
11,257,90
11,258,162
11,259,127
11,260,438
11,261,3753
11,262,13517
11,263,14611
11,264,1566
11,265,224
12,1,81
12,2,1
12,3,53
12,4,857
12,5,1
12,6,13
12,7,1057
12,8,3
12,9,58
12,10,238
12,11,58
12,12,457
12,13,4818
12,14,275
12,15,21
12,16,42
12,17,456
12,18,106
12,19,54
12,20,73
12,21,88
12,22,135
12,23,6
12,24,2539
12,25,607
12,26,255
12,27,2
12,28,160
12,29,111
12,30,1
12,31,18
12,32,65
12,33,769
12,34,43
12,35,506
12,36,170
12,37,449
12,38,50
12,39,589
12,40,135
12,41,3755
12,42,2076
12,43,16395
12,44,2
12,45,1348
12,46,6
12,47,105
12,48,13247
12,49,432
12,50,4441
12,51,117
12,52,187
12,53,30
12,54,41
12,55,383
12,56,112
12,57,4
12,58,4
12,59,3
12,60,97
12,61,1066
12,62,342
12,63,180
12,64,16
12,65,1096
12,66,523
12,67,56
12,68,18233
12,69,249
12,70,2715
12,71,447
12,72,451
12,73,18
12,74,6786
12,75,9412
12,76,868
12,77,196
12,78,120
12,79,9175
12,80,214
12,81,94
12,82,802
12,83,214
12,85,222
12,86,114
12,87,3606
12,88,1900
12,89,533
12,90,10399
12,91,342
12,92,242
12,93,87
12,94,44
12,95,1155
12,96,8
12,97,1329
12,98,63
12,100,10195
12,101,41
12,102,77
12,106,96
12,107,13251
12,108,77
12,111,4
12,112,273
12,113,9644
12,114,5042
12,115,4
12,116,1039
12,117,89
12,118,5
12,119,139
12,120,8
12,121,103
12,122,52
12,123,175
12,124,95
12,125,3364
12,126,88
12,127,116
12,128,16
12,129,673
12,130,869
12,131,114
12,132,21284
12,133,165
12,134,355
12,135,71
12,136,100
12,137,8458
12,138,21470
12,139,47
12,140,20115
12,141,20378
12,142,23812
12,143,10214
12,144,5007
12,145,1327
12,146,519
12,147,86
12,148,3351
12,149,91
12,150,34
12,151,7829
12,152,758
12,153,28
12,154,7
12,155,225
12,156,1
12,157,140
12,158,4389
12,159,211
12,160,103
12,161,35903
12,162,26036
12,163,21428
12,164,15338
12,165,218
12,166,6189
12,167,194
12,168,362
12,169,153
12,170,23182
12,171,38
12,172,1
12,173,52
12,174,124
12,175,23
12,177,313
12,178,39
12,179,432
12,180,63
12,181,547
12,182,137
12,183,27
12,184,2
12,185,59
12,186,25738
12,188,753
12,189,180
12,190,57
12,191,103
12,192,49
12,193,686
12,194,25
12,195,108
12,196,241
12,197,431
12,198,174
12,199,1
12,200,71
12,201,31
12,202,72
12,203,45
12,204,1
12,205,166
12,206,2
12,207,183
12,208,62
12,209,1006
12,210,185
12,211,4672
12,212,95
12,213,125
12,214,7
12,215,269
12,216,568
12,217,91
12,218,124
12,219,119
12,220,112
12,221,4
12,222,249
12,223,350
12,224,1452
12,225,500
12,226,964
12,227,114
12,228,206
12,229,14476
12,230,21142
12,231,9049
12,232,1057
12,233,9818
12,234,18634
12,235,144
12,236,43897
12,237,44620
12,238,18730
12,239,25674
12,240,13
12,241,99
12,242,142
12,243,346
12,244,1717
12,245,1
12,246,11936
12,247,237
12,248,76
12,249,9145
12,250,81
12,251,3
12,252,42
12,253,9
12,254,153
12,255,205
12,256,269
12,257,98
12,258,150
12,259,115
12,260,366
12,261,4621
12,262,13324
12,263,15519
12,264,1697
12,265,239
13,1,106
13,2,1
13,3,52
13,4,938
13,5,1
13,6,46
13,7,1097
13,8,3
13,9,36
13,10,335
13,11,56
13,12,571
13,13,5409
13,14,258
13,15,28
13,16,38
13,17,496
13,18,91
13,19,69
13,20,65
13,21,97
13,22,161
13,23,9
13,24,2567
13,25,622
13,26,245
13,27,1
13,28,215
13,29,89
13,30,4
13,31,21
13,32,70
13,33,782
13,34,58
13,35,524
13,36,176
13,37,378
13,38,70
13,39,562
13,40,124
13,41,4093
13,42,2132
13,43,17857
13,44,1
13,45,1395
13,46,9
13,47,121
13,48,13339
13,49,418
13,50,4396
13,51,140
13,52,216
13,53,55
13,54,39
13,55,239
13,56,144
13,57,13
13,58,7
13,59,6
13,60,81
13,61,1104
13,62,393
13,63,182
13,64,26
13,65,1349
13,66,784
13,67,64
13,68,21748
13,69,252
13,70,2500
13,71,374
13,72,420
13,73,14
13,74,6694
13,75,9894
13,76,770
13,77,180
13,78,144
13,79,10194
13,80,255
13,81,95
13,82,974
13,83,296
13,85,248
13,86,130
13,87,3926
13,88,2391
13,89,627
13,90,10796
13,91,452
13,92,236
13,93,101
13,94,66
13,95,1299
13,96,16
13,97,1432
13,98,31
13,100,10532
13,101,53
13,102,108
13,106,123
13,107,13614
13,108,77
13,109,1
13,111,1
13,112,280
13,113,10285
13,114,6066
13,115,3
13,116,1043
13,117,99
13,119,133
13,120,8
13,121,149
13,122,64
13,123,163
13,124,95
13,125,3549
13,126,110
13,127,138
13,128,8
13,129,737
13,130,1078
13,131,130
13,132,24673
13,133,150
13,134,338
13,135,108
13,136,99
13,137,8572
13,138,24218
13,139,62
13,140,19528
13,141,20254
13,142,24009
13,143,9967
13,144,6755
13,145,1267
13,146,532
13,147,103
13,148,4059
13,149,111
13,150,44
13,151,7981
13,152,870
13,153,28
13,154,9
13,155,251
13,156,1
13,157,167
13,158,5255
13,159,262
13,160,136
13,161,39816
13,162,26220
13,163,23625
13,164,16489
13,165,198
13,166,6182
13,167,181
13,168,408
13,169,165
13,170,23412
13,171,42
13,172,3
13,173,66
13,174,112
13,175,30
13,177,315
13,178,33
13,179,409
13,180,104
13,181,553
13,182,146
13,183,29
13,184,4
13,185,72
13,186,30250
13,187,1
13,188,661
13,189,239
13,190,62
13,191,130
13,192,33
13,193,639
13,194,25
13,195,136
13,196,297
13,197,536
13,198,191
13,200,53
13,201,24
13,202,66
13,203,65
13,205,211
13,206,1
13,207,73
13,208,80
13,209,1192
13,210,181
13,211,5821
13,212,105
13,213,187
13,214,6
13,215,294
13,216,762
13,217,104
13,218,156
13,219,137
13,220,104
13,221,3
13,222,178
13,223,344
13,224,1363
13,225,525
13,226,1094
13,227,104
13,228,207
13,229,14512
13,230,21089
13,231,9569
13,232,1172
13,233,9897
13,234,21088
13,235,136
13,236,41763
13,237,45934
13,238,17490
13,239,25711
13,240,16
13,241,111
13,242,136
13,243,392
13,244,1709
13,245,1
13,246,14427
13,247,233
13,248,99
13,249,10439
13,250,94
13,251,1
13,252,58
13,253,8
13,254,169
13,255,241
13,256,322
13,257,76
13,258,214
13,259,104
13,260,460
13,261,5329
13,262,12067
13,263,15072
13,264,1883
13,265,317
14,1,192
14,2,1
14,3,54
14,4,949
14,6,33
14,7,1241
14,8,7
14,9,36
14,10,385
14,11,46
14,12,609
14,13,5594
14,14,228
14,15,36
14,16,41
14,17,617
14,18,131
14,19,70
14,20,97
14,21,117
14,22,141
14,23,1
14,24,2508
14,25,653
14,26,271
14,27,3
14,28,274
14,29,118
14,30,5
14,31,24
14,32,90
14,33,786
14,34,62
14,35,477
14,36,215
14,37,461
14,38,73
14,39,575
14,40,146
14,41,4315
14,42,2313
14,43,19349
14,44,1
14,45,1604
14,46,4
14,47,142
14,48,13451
14,49,468
14,50,4582
14,51,115
14,52,211
14,53,62
14,54,43
14,55,216
14,56,174
14,57,13
14,58,1
14,59,6
14,60,100
14,61,1099
14,62,310
14,63,156
14,64,19
14,65,1423
14,66,1026
14,67,77
14,68,21824
14,69,227
14,70,2896
14,71,386
14,72,489
14,73,18
14,74,7608
14,75,11319
14,76,827
14,77,204
14,78,134
14,79,10807
14,80,326
14,81,108
14,82,1117
14,83,292
14,85,281
14,86,175
14,87,3765
14,88,2698
14,89,647
14,90,11464
14,91,424
14,92,299
14,93,119
14,94,77
14,95,1350
14,96,11
14,97,1507
14,98,47
14,100,11229
14,101,48
14,102,107
14,106,150
14,107,14416
14,108,104
14,111,2
14,112,283
14,113,11190
14,114,7045
14,115,2
14,116,1078
14,117,98
14,118,8
14,119,112
14,120,12
14,121,123
14,122,83
14,123,149
14,124,107
14,125,3632
14,126,137
14,127,251
14,128,18
14,129,762
14,130,1296
14,131,110
14,132,35304
14,133,134
14,134,407
14,135,105
14,136,86
14,137,8839
14,138,30757
14,139,75
14,140,21517
14,141,20882
14,142,25945
14,143,10119
14,144,8147
14,145,1245
14,146,527
14,147,114
14,148,4542
14,149,98
14,150,67
14,151,7763
14,152,908
14,153,28
14,154,16
14,155,209
14,157,162
14,158,6151
14,159,358
14,160,124
14,161,43847
14,162,27903
14,163,25116
14,164,17076
14,165,206
14,166,6139
14,167,190
14,168,525
14,169,221
14,170,23964
14,171,54
14,172,2
14,173,82
14,174,102
14,175,37
14,177,360
14,178,43
14,179,416
14,180,107
14,181,563
14,182,118
14,183,24
14,184,5
14,185,78
14,186,24895
14,187,1
14,188,767
14,189,238
14,190,69
14,191,210
14,192,50
14,193,753
14,194,41
14,195,138
14,196,353
14,197,621
14,198,204
14,200,48
14,201,41
14,202,51
14,203,63
14,204,2
14,205,307
14,207,36
14,208,60
14,209,1303
14,210,237
14,211,7131
14,212,126
14,213,191
14,214,9
14,215,349
14,216,783
14,217,142
14,218,176
14,219,211
14,220,85
14,221,7
14,222,122
14,223,425
14,224,1195
14,225,492
14,226,1204
14,227,119
14,228,233
14,229,13196
14,230,22084
14,231,10123
14,232,1143
14,233,9269
14,234,23388
14,235,138
14,236,44489
14,237,51776
14,238,17883
14,239,26670
14,240,16
14,241,122
14,242,165
14,243,507
14,244,1925
14,245,1
14,246,16658
14,247,279
14,248,94
14,249,11445
14,250,120
14,251,1
14,252,58
14,253,6
14,254,187
14,255,349
14,256,385
14,257,68
14,258,206
14,259,103
14,260,515
14,261,5732
14,262,11360
14,263,15509
14,264,2202
14,265,324
15,1,173
15,2,1
15,3,48
15,4,905
15,6,39
15,7,1117
15,8,7
15,9,22
15,10,366
15,11,39
15,12,664
15,13,5710
15,14,247
15,15,29
15,16,46
15,17,531
15,18,117
15,19,63
15,20,90
15,21,79
15,22,106
15,24,2453
15,25,689
15,26,241
15,27,1
15,28,197
15,29,115
15,30,6
15,31,22
15,32,74
15,33,935
15,34,102
15,35,423
15,36,194
15,37,443
15,38,61
15,39,473
15,40,134
15,41,4360
15,42,2150
15,43,21969
15,45,1811
15,46,4
15,47,116
15,48,13412
15,49,491
15,50,4276
15,51,108
15,52,206
15,53,75
15,54,30
15,55,210
15,56,165
15,57,10
15,58,9
15,59,2
15,60,93
15,61,1026
15,62,276
15,63,155
15,64,23
15,65,1679
15,66,1073
15,67,55
15,68,22627
15,69,264
15,70,3124
15,71,315
15,72,459
15,73,18
15,74,7552
15,75,12445
15,76,650
15,77,206
15,78,131
15,79,11438
15,80,289
15,81,75
15,82,1450
15,83,310
15,85,209
15,86,145
15,87,4187
15,88,2955
15,89,497
15,90,11570
15,91,353
15,92,321
15,93,185
15,94,71
15,95,1520
15,96,5
15,97,1699
15,98,37
15,100,11146
15,101,74
15,102,97
15,106,124
15,107,14506
15,108,61
15,111,1
15,112,309
15,113,12291
15,114,8179
15,115,4
15,116,1050
15,117,72
15,118,7
15,119,113
15,120,7
15,121,154
15,122,41
15,123,132
15,124,92
15,125,3839
15,126,136
15,127,210
15,128,13
15,129,737
15,130,1468
15,131,99
15,132,41872
15,133,95
15,134,445
15,135,110
15,136,98
15,137,9894
15,138,28511
15,139,89
15,140,23585
15,141,20900
15,142,26852
15,143,10629
15,144,9648
15,145,1231
15,146,504
15,147,81
15,148,4827
15,149,110
15,150,69
15,151,7419
15,152,991
15,153,16
15,154,13
15,155,166
15,157,177
15,158,7076
15,159,251
15,160,129
15,161,45869
15,162,28437
15,163,25614
15,164,17122
15,165,181
15,166,6729
15,167,155
15,168,535
15,169,190
15,170,23595
15,171,57
15,172,1
15,173,104
15,174,118
15,175,31
15,177,286
15,178,34
15,179,389
15,180,74
15,181,641
15,182,77
15,183,21
15,184,8
15,185,52
15,186,25468
15,187,1
15,188,665
15,189,252
15,190,76
15,191,110
15,192,48
15,193,654
15,194,71
15,195,163
15,196,316
15,197,821
15,198,192
15,200,58
15,201,40
15,202,67
15,203,56
15,205,233
15,206,3
15,207,29
15,208,56
15,209,1350
15,210,172
15,211,8435
15,212,82
15,213,158
15,214,6
15,215,236
15,216,676
15,217,113
15,218,129
15,219,229
15,220,118
15,221,4
15,222,128
15,223,511
15,224,1218
15,225,441
15,226,1344
15,227,104
15,228,318
15,229,12137
15,230,23718
15,231,10720
15,232,1221
15,233,8908
15,234,24369
15,235,132
15,236,51345
15,237,51919
15,238,21148
15,239,26404
15,240,15
15,241,103
15,242,160
15,243,454
15,244,1986
15,245,3
15,246,19126
15,247,389
15,248,70
15,249,11949
15,250,113
15,251,1
15,252,58
15,253,9
15,254,158
15,255,403
15,256,443
15,257,61
15,258,156
15,259,84
15,260,574
15,261,6058
15,262,12899
15,263,15425
15,264,2096
15,265,307
16,1,172
16,2,1
16,3,34
16,4,846
16,6,33
16,7,1089
16,8,3
16,9,24
16,10,466
16,11,29
16,12,644
16,13,7136
16,14,168
16,15,21
16,16,40
16,17,486
16,18,95
16,19,54
16,20,97
16,21,51
16,22,98
16,23,5
16,24,2353
16,25,798
16,26,217
16,27,6
16,28,217
16,29,95
16,30,6
16,31,33
16,32,47
16,33,932
16,34,130
16,35,382
16,36,196
16,37,408
16,38,37
16,39,375
16,40,116
16,41,4203
16,42,2196
16,43,21344
16,45,1915
16,46,6
16,47,114
16,48,16467
16,49,462
16,50,4889
16,51,77
16,52,240
16,53,57
16,54,50
16,55,169
16,56,135
16,57,12
16,58,5
16,59,7
16,60,74
16,61,875
16,62,259
16,63,161
16,64,25
16,65,1922
16,66,1152
16,67,51
16,68,23817
16,69,268
16,70,2572
16,71,280
16,72,331
16,73,21
16,74,8140
16,75,13053
16,76,580
16,77,164
16,78,115
16,79,11161
16,80,288
16,81,77
16,82,1819
16,83,385
16,84,1
16,85,246
16,86,86
16,87,4778
16,88,3711
16,89,424
16,90,11977
16,91,223
16,92,252
16,93,332
16,94,53
16,95,1714
16,96,13
16,97,1830
16,98,25
16,100,13045
16,101,52
16,102,116
16,106,122
16,107,14441
16,108,35
16,111,2
16,112,301
16,113,12381
16,114,8645
16,115,1
16,116,873
16,117,52
16,118,1
16,119,113
16,120,9
16,121,109
16,122,25
16,123,127
16,124,87
16,125,4290
16,126,116
16,127,167
16,128,24
16,129,815
16,130,1577
16,131,94
16,132,46040
16,133,100
16,134,547
16,135,68
16,136,79
16,137,10432
16,138,27131
16,139,104
16,140,23190
16,141,19342
16,142,27331
16,143,10301
16,144,10289
16,145,1420
16,146,594
16,147,64
16,148,4954
16,149,84
16,150,71
16,151,7305
16,152,976
16,153,37
16,154,13
16,155,153
16,156,3
16,157,152
16,158,7319
16,159,261
16,160,102
16,161,52461
16,162,32688
16,163,28005
16,164,18895
16,165,144
16,166,6711
16,167,113
16,168,522
16,169,134
16,170,25124
16,171,31
16,173,83
16,174,138
16,175,29
16,177,278
16,178,38
16,179,374
16,180,85
16,181,586
16,182,78
16,183,18
16,184,6
16,185,58
16,186,26648
16,187,2
16,188,652
16,189,230
16,190,85
16,191,99
16,192,39
16,193,805
16,194,44
16,195,195
16,196,317
16,197,952
16,198,157
16,200,49
16,201,24
16,202,60
16,203,35
16,205,152
16,206,4
16,207,26
16,208,54
16,209,1554
16,210,183
16,211,9131
16,212,79
16,213,95
16,214,9
16,215,286
16,216,611
16,217,128
16,218,109
16,219,196
16,220,82
16,221,1
16,222,96
16,223,501
16,224,1099
16,225,382
16,226,1486
16,227,124
16,228,261
16,229,12045
16,230,31437
16,231,11865
16,232,1273
16,233,9761
16,234,26047
16,235,101
16,236,45821
16,237,49967
16,238,17242
16,239,25853
16,240,16
16,241,94
16,242,186
16,243,390
16,244,1998
16,246,21424
16,247,395
16,248,48
16,249,12239
16,250,91
16,251,2
16,252,43
16,253,12
16,254,107
16,255,409
16,256,451
16,257,69
16,258,127
16,259,67
16,260,686
16,261,6353
16,262,11251
16,263,14733
16,264,1994
16,265,354
17,1,146
17,2,6
17,3,37
17,4,1109
17,6,12
17,7,1321
17,8,9
17,9,18
17,10,260
17,11,39
17,12,442
17,13,10156
17,14,194
17,15,32
17,16,41
17,17,588
17,18,118
17,19,53
17,20,77
17,21,68
17,22,92
17,23,5
17,24,3023
17,25,988
17,26,206
17,27,2
17,28,204
17,29,90
17,30,6
17,31,29
17,32,66
17,33,1448
17,34,154
17,35,318
17,36,239
17,37,525
17,38,48
17,39,321
17,40,241
17,41,5052
17,42,2346
17,43,18577
17,45,1836
17,46,17
17,47,129
17,48,19860
17,49,677
17,50,5686
17,51,121
17,52,304
17,53,57
17,54,60
17,55,194
17,56,127
17,57,15
17,58,2
17,59,1
17,60,63
17,61,958
17,62,279
17,63,179
17,64,12
17,65,2393
17,66,1603
17,67,61
17,68,29902
17,69,289
17,70,2372
17,71,250
17,72,292
17,73,12
17,74,8543
17,75,13462
17,76,578
17,77,156
17,78,105
17,79,13403
17,80,363
17,81,41
17,82,2035
17,83,489
17,85,206
17,86,95
17,87,7418
17,88,4399
17,89,544
17,90,14417
17,91,225
17,92,277
17,93,199
17,94,41
17,95,1973
17,96,16
17,97,2157
17,98,35
17,100,15715
17,101,37
17,102,102
17,105,1
17,106,189
17,107,17085
17,108,50
17,111,1
17,112,495
17,113,13863
17,114,9884
17,116,1187
17,117,78
17,118,1
17,119,93
17,120,13
17,121,95
17,122,29
17,123,142
17,124,74
17,125,5811
17,126,148
17,127,197
17,128,26
17,129,1008
17,130,1589
17,131,120
17,132,41004
17,133,148
17,134,687
17,135,73
17,136,56
17,137,11501
17,138,24764
17,139,54
17,140,24107
17,141,21942
17,142,29787
17,143,11665
17,144,11366
17,145,1619
17,146,684
17,147,77
17,148,5591
17,149,69
17,150,63
17,151,8185
17,152,1526
17,153,28
17,154,13
17,155,158
17,157,126
17,158,8945
17,159,265
17,160,100
17,161,64507
17,162,43840
17,163,32742
17,164,23575
17,165,166
17,166,8874
17,167,121
17,168,550
17,169,132
17,170,30364
17,171,24
17,172,2
17,173,98
17,174,107
17,175,31
17,177,277
17,178,42
17,179,406
17,180,78
17,181,818
17,182,86
17,183,23
17,184,3
17,185,74
17,186,31773
17,188,618
17,189,328
17,190,116
17,191,77
17,192,31
17,193,1155
17,194,44
17,195,238
17,196,322
17,197,462
17,198,234
17,200,82
17,201,48
17,202,48
17,203,52
17,205,148
17,206,4
17,207,21
17,208,63
17,209,1896
17,210,214
17,211,10013
17,212,88
17,213,128
17,214,4
17,215,169
17,216,546
17,217,102
17,218,112
17,219,164
17,220,112
17,221,1
17,222,85
17,223,499
17,224,1463
17,225,438
17,226,1548
17,227,102
17,228,379
17,229,15578
17,230,36420
17,231,16478
17,232,1509
17,233,12870
17,234,30954
17,235,115
17,236,48595
17,237,52139
17,238,20047
17,239,29464
17,240,15
17,241,71
17,242,148
17,243,488
17,244,2060
17,245,1
17,246,26712
17,247,354
17,248,63
17,249,14497
17,250,140
17,252,48
17,253,8
17,254,72
17,255,597
17,256,572
17,257,92
17,258,140
17,259,69
17,260,764
17,261,7085
17,262,14027
17,263,17233
17,264,2140
17,265,329
18,1,124
18,2,1
18,3,45
18,4,1768
18,6,10
18,7,1553
18,8,6
18,9,18
18,10,292
18,11,35
18,12,200
18,13,10353
18,14,192
18,15,26
18,16,44
18,17,672
18,18,99
18,19,45
18,20,67
18,21,59
18,22,112
18,23,7
18,24,2968
18,25,1096
18,26,199
18,27,4
18,28,206
18,29,63
18,30,4
18,31,13
18,32,48
18,33,1888
18,34,187
18,35,294
18,36,311
18,37,611
18,38,26
18,39,304
18,40,302
18,41,5546
18,42,2627
18,43,14880
18,45,2055
18,46,12
18,47,63
18,48,23749
18,49,675
18,50,6518
18,51,149
18,52,372
18,53,52
18,54,71
18,55,180
18,56,164
18,57,14
18,58,5
18,59,2
18,60,54
18,61,1082
18,62,297
18,63,164
18,64,26
18,65,2502
18,66,1941
18,67,56
18,68,32703
18,69,220
18,70,2310
18,71,223
18,72,251
18,73,23
18,74,9405
18,75,11549
18,76,580
18,77,103
18,78,106
18,79,19148
18,80,515
18,81,67
18,82,2016
18,83,433
18,84,1
18,85,191
18,86,69
18,87,8656
18,88,4052
18,89,634
18,90,18203
18,91,232
18,92,333
18,93,194
18,94,53
18,95,1927
18,96,9
18,97,2530
18,98,25
18,100,16227
18,101,19
18,102,123
18,106,246
18,107,20732
18,108,43
18,109,1
18,111,1
18,112,866
18,113,16256
18,114,12668
18,115,1
18,116,1574
18,117,51
18,118,3
18,119,93
18,120,15
18,121,80
18,122,31
18,123,105
18,124,67
18,125,6483
18,126,106
18,127,254
18,128,11
18,129,1011
18,130,1579
18,131,89
18,132,37030
18,133,146
18,134,751
18,135,86
18,136,62
18,137,12782
18,138,23862
18,139,50
18,140,21449
18,141,24710
18,142,33720
18,143,12939
18,144,12902
18,145,1951
18,146,760
18,147,72
18,148,7396
18,149,79
18,150,37
18,151,9057
18,152,1442
18,153,48
18,154,22
18,155,173
18,156,1
18,157,155
18,158,10212
18,159,214
18,160,160
18,161,67203
18,162,47664
18,163,36636
18,164,26915
18,165,150
18,166,8688
18,167,107
18,168,479
18,169,129
18,170,33744
18,171,35
18,173,109
18,174,85
18,175,31
18,177,305
18,178,33
18,179,557
18,180,91
18,181,1093
18,182,97
18,183,29
18,184,5
18,185,47
18,186,30712
18,187,1
18,188,656
18,189,432
18,190,79
18,191,85
18,192,25
18,193,923
18,194,56
18,195,219
18,196,356
18,197,354
18,198,293
18,199,1
18,200,84
18,201,37
18,202,69
18,203,49
18,205,113
18,206,3
18,207,14
18,208,58
18,209,2362
18,210,195
18,211,11552
18,212,75
18,213,128
18,214,8
18,215,161
18,216,487
18,217,147
18,218,80
18,219,145
18,220,128
18,221,4
18,222,66
18,223,573
18,224,2188
18,225,530
18,226,1439
18,227,94
18,228,391
18,229,19049
18,230,37467
18,231,18902
18,232,1991
18,233,14475
18,234,34714
18,235,102
18,236,47730
18,237,53013
18,238,21055
18,239,28754
18,240,10
18,241,86
18,242,110
18,243,654
18,244,2009
18,246,28122
18,247,324
18,248,55
18,249,18756
18,250,94
18,252,42
18,253,19
18,254,102
18,255,962
18,256,865
18,257,93
18,258,127
18,259,50
18,260,829
18,261,7244
18,262,13996
18,263,19315
18,264,2118
18,265,303
19,1,94
19,3,35
19,4,1896
19,6,5
19,7,1462
19,8,4
19,9,25
19,10,269
19,11,37
19,12,132
19,13,8483
19,14,216
19,15,33
19,16,33
19,17,596
19,18,105
19,19,24
19,20,64
19,21,64
19,22,87
19,23,6
19,24,2396
19,25,1041
19,26,208
19,27,3
19,28,194
19,29,82
19,30,4
19,31,7
19,32,50
19,33,1475
19,34,113
19,35,295
19,36,400
19,37,623
19,38,23
19,39,340
19,40,238
19,41,4343
19,42,2271
19,43,12549
19,44,3
19,45,2071
19,46,13
19,47,71
19,48,21029
19,49,658
19,50,5456
19,51,139
19,52,317
19,53,56
19,54,67
19,55,150
19,56,187
19,57,15
19,58,5
19,59,4
19,60,75
19,61,1105
19,62,306
19,63,144
19,64,15
19,65,2181
19,66,1596
19,67,48
19,68,29071
19,69,158
19,70,2290
19,71,199
19,72,275
19,73,18
19,74,7158
19,75,9512
19,76,597
19,77,118
19,78,89
19,79,21312
19,80,544
19,81,46
19,82,1733
19,83,369
19,85,243
19,86,81
19,87,7628
19,88,3451
19,89,543
19,90,16654
19,91,240
19,92,408
19,93,233
19,94,42
19,95,1688
19,96,12
19,97,2005
19,98,28
19,100,13218
19,101,23
19,102,134
19,106,195
19,107,19683
19,108,37
19,111,2
19,112,876
19,113,15083
19,114,13627
19,115,3
19,116,1356
19,117,52
19,119,105
19,120,17
19,121,92
19,122,44
19,123,80
19,124,77
19,125,5562
19,126,114
19,127,233
19,128,13
19,129,883
19,130,1469
19,131,70
19,132,41525
19,133,154
19,134,512
19,135,81
19,136,58
19,137,12585
19,138,24022
19,139,39
19,140,17763
19,141,21636
19,142,28153
19,143,9386
19,144,11976
19,145,1510
19,146,677
19,147,67
19,148,8342
19,149,57
19,150,47
19,151,6578
19,152,1190
19,153,34
19,154,29
19,155,160
19,156,1
19,157,165
19,158,9574
19,159,206
19,160,161
19,161,56075
19,162,38121
19,163,29591
19,164,24735
19,165,110
19,166,6984
19,167,111
19,168,405
19,169,117
19,170,30598
19,171,53
19,173,128
19,174,89
19,175,24
19,176,2
19,177,278
19,178,35
19,179,480
19,180,83
19,181,992
19,182,63
19,183,27
19,184,3
19,185,50
19,186,28637
19,187,3
19,188,610
19,189,373
19,190,75
19,191,68
19,192,55
19,193,431
19,194,61
19,195,210
19,196,327
19,197,387
19,198,303
19,200,45
19,201,21
19,202,51
19,203,42
19,205,123
19,207,17
19,208,68
19,209,2384
19,210,183
19,211,10061
19,212,70
19,213,117
19,214,5
19,215,196
19,216,469
19,217,126
19,218,78
19,219,145
19,220,114
19,221,4
19,222,64
19,223,622
19,224,1893
19,225,547
19,226,1324
19,227,78
19,228,393
19,229,16137
19,230,31827
19,231,16921
19,232,1952
19,233,12346
19,234,32233
19,235,115
19,236,33514
19,237,42724
19,238,15669
19,239,23310
19,240,12
19,241,90
19,242,109
19,243,620
19,244,1725
19,246,22366
19,247,305
19,248,50
19,249,20623
19,250,79
19,251,3
19,252,60
19,253,13
19,254,100
19,255,1150
19,256,1021
19,257,98
19,258,147
19,259,52
19,260,756
19,261,5899
19,262,9907
19,263,16951
19,264,1831
19,265,285
20,1,53
20,3,36
20,4,1525
20,5,1
20,6,8
20,7,1329
20,8,6
20,9,11
20,10,276
20,11,28
20,12,107
20,13,6325
20,14,180
20,15,25
20,16,37
20,17,512
20,18,117
20,19,31
20,20,58
20,21,44
20,22,74
20,23,5
20,24,2055
20,25,909
20,26,145
20,27,5
20,28,161
20,29,65
20,30,1
20,31,6
20,32,46
20,33,1167
20,34,95
20,35,311
20,36,405
20,37,594
20,38,29
20,39,301
20,40,253
20,41,3671
20,42,1972
20,43,10571
20,45,2257
20,46,11
20,47,82
20,48,21772
20,49,455
20,50,4379
20,51,151
20,52,287
20,53,58
20,54,60
20,55,144
20,56,164
20,57,14
20,58,5
20,59,2
20,60,73
20,61,918
20,62,240
20,63,151
20,64,24
20,65,1781
20,66,1652
20,67,49
20,68,26410
20,69,204
20,70,2707
20,71,180
20,72,282
20,73,13
20,74,5355
20,75,6619
20,76,587
20,77,127
20,78,90
20,79,23112
20,80,522
20,81,38
20,82,1526
20,83,351
20,84,1
20,85,218
20,86,55
20,87,6814
20,88,3183
20,89,468
20,90,15213
20,91,202
20,92,428
20,93,271
20,94,66
20,95,1405
20,96,16
20,97,1668
20,98,27
20,100,12162
20,101,32
20,102,145
20,106,235
20,107,18776
20,108,36
20,111,1
20,112,740
20,113,15080
20,114,15737
20,115,7
20,116,1210
20,117,54
20,118,7
20,119,107
20,120,11
20,121,48
20,122,20
20,123,66
20,124,100
20,125,5191
20,126,90
20,127,201
20,128,23
20,129,970
20,130,1337
20,131,67
20,132,41275
20,133,90
20,134,327
20,135,71
20,136,56
20,137,9513
20,138,24238
20,139,41
20,140,12974
20,141,17894
20,142,27517
20,143,6667
20,144,11275
20,145,1168
20,146,549
20,147,76
20,148,9124
20,149,59
20,150,40
20,151,5176
20,152,957
20,153,36
20,154,17
20,155,171
20,157,174
20,158,10309
20,159,244
20,160,168
20,161,54500
20,162,34793
20,163,26402
20,164,23237
20,165,105
20,166,6473
20,167,101
20,168,485
20,169,131
20,170,27063
20,171,44
20,172,5
20,173,133
20,174,72
20,175,14
20,176,1
20,177,292
20,178,25
20,179,390
20,180,92
20,181,979
20,182,75
20,183,22
20,184,9
20,185,45
20,186,25249
20,188,540
20,189,322
20,190,47
20,191,69
20,192,50
20,193,328
20,194,47
20,195,216
20,196,323
20,197,348
20,198,282
20,199,1
20,200,65
20,201,16
20,202,62
20,203,39
20,204,1
20,205,94
20,207,16
20,208,79
20,209,2366
20,210,181
20,211,8381
20,212,78
20,213,142
20,214,8
20,215,175
20,216,347
20,217,129
20,218,73
20,219,147
20,220,103
20,221,5
20,222,59
20,223,536
20,224,1279
20,225,464
20,226,1046
20,227,76
20,228,310
20,229,14609
20,230,36400
20,231,14026
20,232,1778
20,233,10021
20,234,31166
20,235,114
20,236,26719
20,237,37507
20,238,11753
20,239,20010
20,240,10
20,241,97
20,242,91
20,243,512
20,244,1438
20,245,2
20,246,20016
20,247,449
20,248,58
20,249,24094
20,250,71
20,251,5
20,252,76
20,253,21
20,254,115
20,255,1069
20,256,917
20,257,80
20,258,137
20,259,46
20,260,716
20,261,4675
20,262,6494
20,263,15432
20,264,1664
20,265,284
21,1,25
21,3,43
21,4,1655
21,6,6
21,7,1326
21,8,3
21,9,19
21,10,289
21,11,20
21,12,63
21,13,4993
21,14,176
21,15,31
21,16,50
21,17,445
21,18,96
21,19,51
21,20,83
21,21,41
21,22,85
21,23,9
21,24,1790
21,25,922
21,26,137
21,27,2
21,28,155
21,29,38
21,30,1
21,31,17
21,32,54
21,33,1163
21,34,77
21,35,246
21,36,334
21,37,486
21,38,30
21,39,278
21,40,274
21,41,3240
21,42,1528
21,43,8153
21,44,2
21,45,2091
21,46,9
21,47,80
21,48,29534
21,49,415
21,50,4655
21,51,178
21,52,270
21,53,72
21,54,67
21,55,139
21,56,176
21,57,27
21,58,7
21,60,68
21,61,761
21,62,212
21,63,160
21,64,28
21,65,1320
21,66,1806
21,67,28
21,68,27854
21,69,190
21,70,3243
21,71,146
21,72,225
21,73,21
21,74,4514
21,75,5204
21,76,589
21,77,118
21,78,97
21,79,28637
21,80,522
21,81,47
21,82,1284
21,83,281
21,85,151
21,86,42
21,87,6010
21,88,3203
21,89,388
21,90,16199
21,91,194
21,92,427
21,93,667
21,94,47
21,95,1193
21,96,16
21,97,1626
21,98,29
21,100,12855
21,101,41
21,102,127
21,106,287
21,107,18800
21,108,35
21,111,3
21,112,744
21,113,16077
21,114,21430
21,115,4
21,116,997
21,117,48
21,118,7
21,119,252
21,120,17
21,121,70
21,122,28
21,123,53
21,124,115
21,125,5103
21,126,79
21,127,156
21,128,11
21,129,915
21,130,1333
21,131,55
21,132,40358
21,133,64
21,134,276
21,135,59
21,136,54
21,137,7784
21,138,26257
21,139,35
21,140,8785
21,141,16219
21,142,40645
21,143,6238
21,144,11599
21,145,1038
21,146,447
21,147,62
21,148,10920
21,149,49
21,150,31
21,151,3742
21,152,829
21,153,19
21,154,12
21,155,153
21,157,175
21,158,12126
21,159,164
21,160,154
21,161,52287
21,162,28526
21,163,28075
21,164,23419
21,165,55
21,166,5430
21,167,84
21,168,376
21,169,107
21,170,23068
21,171,60
21,172,3
21,173,162
21,174,48
21,175,36
21,176,2
21,177,276
21,178,20
21,179,326
21,180,111
21,181,1315
21,182,71
21,183,24
21,184,5
21,185,36
21,186,31267
21,188,383
21,189,348
21,190,35
21,191,83
21,192,46
21,193,274
21,194,84
21,195,202
21,196,211
21,197,325
21,198,279
21,200,38
21,201,29
21,202,57
21,203,36
21,204,1
21,205,82
21,207,9
21,208,68
21,209,2454
21,210,189
21,211,8844
21,212,65
21,213,140
21,214,4
21,215,166
21,216,410
21,217,117
21,218,76
21,219,173
21,220,111
21,221,4
21,222,64
21,223,596
21,224,1011
21,225,379
21,226,1028
21,227,72
21,228,260
21,229,13442
21,230,52619
21,231,13275
21,232,2039
21,233,7927
21,234,33024
21,235,92
21,236,21535
21,237,37017
21,238,10121
21,239,21907
21,240,14
21,241,46
21,242,72
21,243,375
21,244,1037
21,245,4
21,246,17509
21,247,580
21,248,42
21,249,30093
21,250,56
21,251,4
21,252,59
21,253,26
21,254,72
21,255,1408
21,256,1106
21,257,59
21,258,155
21,259,47
21,260,690
21,261,3474
21,262,4426
21,263,14232
21,264,1649
21,265,307
22,1,5
22,2,1
22,3,46
22,4,2341
22,6,11
22,7,1456
22,8,4
22,9,19
22,10,333
22,11,28
22,12,81
22,13,2775
22,14,215
22,15,28
22,16,72
22,17,530
22,18,105
22,19,65
22,20,62
22,21,63
22,22,81
22,23,6
22,24,1500
22,25,1257
22,26,164
22,27,6
22,28,187
22,29,57
22,30,4
22,31,18
22,32,55
22,33,1246
22,34,74
22,35,309
22,36,528
22,37,681
22,38,43
22,39,293
22,40,418
22,41,2845
22,42,1709
22,43,5331
22,44,1
22,45,1972
22,46,12
22,47,68
22,48,34393
22,49,538
22,50,4979
22,51,103
22,52,346
22,53,83
22,54,103
22,55,144
22,56,220
22,57,28
22,58,11
22,59,5
22,60,77
22,61,815
22,62,210
22,63,179
22,64,43
22,65,1336
22,66,1898
22,67,23
22,68,25423
22,69,230
22,70,2857
22,71,177
22,72,222
22,73,29
22,74,3837
22,75,3985
22,76,688
22,77,139
22,78,92
22,79,32954
22,80,891
22,81,68
22,82,1088
22,83,322
22,84,1
22,85,221
22,86,48
22,87,5807
22,88,3022
22,89,551
22,90,15103
22,91,227
22,92,528
22,93,941
22,94,62
22,95,1212
22,96,14
22,97,2405
22,98,61
22,100,12777
22,101,36
22,102,123
22,106,377
22,107,19044
22,108,35
22,111,1
22,112,1306
22,113,14895
22,114,22894
22,115,3
22,116,1189
22,117,58
22,118,3
22,119,202
22,120,9
22,121,80
22,122,29
22,123,70
22,124,151
22,125,5139
22,126,76
22,127,212
22,128,16
22,129,965
22,130,1604
22,131,68
22,132,39054
22,133,90
22,134,317
22,135,96
22,136,67
22,137,7394
22,138,22169
22,139,59
22,140,6215
22,141,12997
22,142,36183
22,143,5321
22,144,11649
22,145,1270
22,146,499
22,147,77
22,148,14083
22,149,57
22,150,44
22,151,3212
22,152,791
22,153,31
22,154,21
22,155,115
22,156,1
22,157,223
22,158,12198
22,159,175
22,160,134
22,161,40725
22,162,20227
22,163,27022
22,164,23218
22,165,80
22,166,4356
22,167,121
22,168,515
22,169,130
22,170,20120
22,171,73
22,172,1
22,173,162
22,174,71
22,175,37
22,176,1
22,177,282
22,178,19
22,179,365
22,180,132
22,181,1890
22,182,62
22,183,30
22,184,3
22,185,52
22,186,27721
22,187,2
22,188,391
22,189,491
22,190,51
22,191,168
22,192,57
22,193,176
22,194,139
22,195,208
22,196,190
22,197,368
22,198,336
22,199,1
22,200,47
22,201,23
22,202,53
22,203,69
22,204,3
22,205,110
22,206,1
22,207,22
22,208,116
22,209,2095
22,210,191
22,211,9312
22,212,72
22,213,111
22,214,7
22,215,250
22,216,460
22,217,115
22,218,105
22,219,184
22,220,107
22,221,7
22,222,67
22,223,674
22,224,1159
22,225,451
22,226,1050
22,227,53
22,228,220
22,229,10496
22,230,52528
22,231,12702
22,232,2382
22,233,6286
22,234,30442
22,235,106
22,236,13375
22,237,26709
22,238,7493
22,239,16382
22,240,13
22,241,92
22,242,72
22,243,566
22,244,1222
22,246,13379
22,247,610
22,248,57
22,249,33064
22,250,78
22,251,1
22,252,79
22,253,28
22,254,106
22,255,2289
22,256,1651
22,257,62
22,258,174
22,259,57
22,260,636
22,261,2756
22,262,3199
22,263,11986
22,264,1368
22,265,348
23,1,5
23,2,2
23,3,38
23,4,3308
23,5,2
23,6,14
23,7,1387
23,8,8
23,9,28
23,10,312
23,11,28
23,12,43
23,13,1338
23,14,216
23,15,21
23,16,66
23,17,612
23,18,109
23,19,86
23,20,60
23,21,54
23,22,83
23,23,6
23,24,1128
23,25,1118
23,26,133
23,27,5
23,28,231
23,29,65
23,30,6
23,31,11
23,32,59
23,33,872
23,34,50
23,35,312
23,36,648
23,37,845
23,38,65
23,39,316
23,40,342
23,41,2618
23,42,1696
23,43,2913
23,45,1815
23,46,19
23,47,67
23,48,24473
23,49,580
23,50,4108
23,51,92
23,52,264
23,53,113
23,54,76
23,55,122
23,56,197
23,57,29
23,58,4
23,59,2
23,60,66
23,61,982
23,62,224
23,63,227
23,64,39
23,65,1006
23,66,1293
23,67,40
23,68,17242
23,69,198
23,70,2736
23,71,152
23,72,223
23,73,41
23,74,3105
23,75,3256
23,76,781
23,77,145
23,78,99
23,79,33872
23,80,1203
23,81,58
23,82,937
23,83,269
23,84,3
23,85,222
23,86,71
23,87,4905
23,88,2515
23,89,469
23,90,12729
23,91,211
23,92,386
23,93,387
23,94,48
23,95,1151
23,96,13
23,97,1794
23,98,55
23,100,8441
23,101,55
23,102,112
23,106,339
23,107,15449
23,108,46
23,111,3
23,112,1427
23,113,11868
23,114,23504
23,115,3
23,116,1162
23,117,40
23,118,8
23,119,103
23,120,14
23,121,104
23,122,54
23,123,71
23,124,152
23,125,3842
23,126,101
23,127,216
23,128,20
23,129,1010
23,130,1877
23,131,95
23,132,34163
23,133,84
23,134,330
23,135,92
23,136,101
23,137,7004
23,138,24253
23,139,75
23,140,4168
23,141,8544
23,142,20138
23,143,3511
23,144,10553
23,145,1300
23,146,557
23,147,77
23,148,16598
23,149,58
23,150,86
23,151,2025
23,152,740
23,153,28
23,154,16
23,155,96
23,156,3
23,157,183
23,158,11527
23,159,199
23,160,145
23,161,21540
23,162,11316
23,163,14804
23,164,16915
23,165,75
23,166,3078
23,167,109
23,168,609
23,169,153
23,170,13486
23,171,81
23,172,2
23,173,144
23,174,122
23,175,47
23,177,330
23,178,20
23,179,295
23,180,154
23,181,1573
23,182,52
23,183,27
23,184,5
23,185,81
23,186,18931
23,188,440
23,189,462
23,190,63
23,191,158
23,192,64
23,193,139
23,194,34
23,195,165
23,196,169
23,197,434
23,198,354
23,199,1
23,200,40
23,201,37
23,202,63
23,203,82
23,204,1
23,205,159
23,206,4
23,207,13
23,208,130
23,209,1963
23,210,189
23,211,7765
23,212,84
23,213,123
23,214,13
23,215,263
23,216,526
23,217,142
23,218,134
23,219,212
23,220,108
23,221,6
23,222,78
23,223,622
23,224,1157
23,225,471
23,226,1028
23,227,62
23,228,275
23,229,7477
23,230,31060
23,231,10740
23,232,2192
23,233,4222
23,234,22408
23,235,128
23,236,6392
23,237,14442
23,238,4817
23,239,9651
23,240,15
23,241,103
23,242,114
23,243,613
23,244,1436
23,245,1
23,246,8099
23,247,482
23,248,76
23,249,31810
23,250,110
23,251,3
23,252,63
23,253,15
23,254,118
23,255,2730
23,256,1589
23,257,87
23,258,191
23,259,62
23,260,619
23,261,2004
23,262,2103
23,263,8286
23,264,1025
23,265,338
